[{"model": "category.category", "pk": 1, "fields": {"category_name": "Jackets", "slug": "jackets", "description": "Leather Jacket", "cat_image": "photos/categories/jackets.jpg"}}, {"model": "category.category", "pk": 2, "fields": {"category_name": "Tshirts", "slug": "tshirts", "description": "casual tshirts", "cat_image": "photos/categories/tshirts.jpg"}}, {"model": "accounts.account", "pk": 1, "fields": {"password": "pbkdf2_sha256$216000$x0JEXMbwdfke$AgCYobgANY1HoYg41pDuVhXrLxRUrc163+z4NNjJgAE=", "first_name": "Jayshree", "last_name": "Singh", "username": "Jshree", "email": "Jayshree2014@gmail.com", "phone_number": "", "date_joined": "2022-09-21T10:56:36.124Z", "last_login": "2022-10-12T04:36:14.975Z", "is_admin": true, "is_staff": true, "is_active": true, "is_superadmin": true}}, {"model": "accounts.account", "pk": 18, "fields": {"password": "pbkdf2_sha256$216000$cfFcJNIpNQ6o$VO68bKIagV8tXcO3Aa1EYnmAjsqfxGXFx1erZawt7DQ=", "first_name": "sneha", "last_name": "singh", "username": "jayshreez2014", "email": "jayshreez2014@gmail.com", "phone_number": "8805550388", "date_joined": "2022-09-28T12:53:56.875Z", "last_login": "2022-10-11T07:05:15.337Z", "is_admin": false, "is_staff": false, "is_active": true, "is_superadmin": false}}, {"model": "accounts.account", "pk": 22, "fields": {"password": "pbkdf2_sha256$216000$o52O2FxhFjvw$j2TRfSg1NgvI91lWGTQ3K9KexidkoHh3nCeh4a9qqyQ=", "first_name": "Jaya", "last_name": "Singh", "username": "Jaya", "email": "Jaya@gmail.com", "phone_number": "8805550388", "date_joined": "2022-10-11T13:21:49.934Z", "last_login": "2022-10-12T08:53:32.392Z", "is_admin": false, "is_staff": false, "is_active": true, "is_superadmin": false}}, {"model": "accounts.userprofile", "pk": 1, "fields": {"user": 18, "address_line_1": "KHARJUL MALA", "address_line_2": "Shree Gajanan Park ,Manomay 101", "profile_picture": "userprofile/IMG_20190909_184635.jpg", "city": "Nashik", "state": "Maharashtra", "country": "India"}}, {"model": "accounts.userprofile", "pk": 2, "fields": {"user": 22, "address_line_1": "", "address_line_2": "", "profile_picture": "userprofile/image_2.png", "city": "", "state": "", "country": ""}}, {"model": "store.product", "pk": 1, "fields": {"product_name": "Leather Jacket", "slug": "leather-jacket", "description": "Leather Jackets for men \r\nColor Brown", "price": 500, "images": "photos/products/jackets.jpg", "stock": 88, "is_available": true, "category": 1, "created_date": "2022-09-22T06:13:24.283Z", "modified_date": "2022-10-12T08:54:38.023Z"}}, {"model": "store.product", "pk": 2, "fields": {"product_name": "tshirt_", "slug": "tshirt_", "description": "Tshirt in clue color", "price": 506, "images": "photos/products/tshirts.jpg", "stock": 0, "is_available": true, "category": 1, "created_date": "2022-09-22T06:29:05.958Z", "modified_date": "2022-10-10T11:57:27.575Z"}}, {"model": "store.product", "pk": 3, "fields": {"product_name": "Blue tshirt", "slug": "blue-tshirt", "description": "", "price": 3, "images": "photos/products/tshirts_jAzqyTf.jpg", "stock": 0, "is_available": true, "category": 2, "created_date": "2022-09-22T11:44:44.976Z", "modified_date": "2022-09-22T18:21:41.042Z"}}, {"model": "store.product", "pk": 4, "fields": {"product_name": "great-tshirt", "slug": "great-tshirt", "description": "", "price": 550, "images": "photos/products/shirts.jpg", "stock": 2, "is_available": true, "category": 2, "created_date": "2022-09-22T14:23:26.878Z", "modified_date": "2022-09-22T14:23:26.878Z"}}, {"model": "store.product", "pk": 5, "fields": {"product_name": "tshirt", "slug": "tshirt", "description": "Black", "price": 499, "images": "photos/products/shoes.png", "stock": 7, "is_available": true, "category": 2, "created_date": "2022-09-24T12:40:43.651Z", "modified_date": "2022-09-24T12:40:43.651Z"}}, {"model": "store.variation", "pk": 1, "fields": {"product": 1, "variation_category": "color", "variation_value": "Black", "is_active": true, "created_date": "2022-09-24T18:11:37.757Z"}}, {"model": "store.variation", "pk": 2, "fields": {"product": 1, "variation_category": "color", "variation_value": "Br", "is_active": true, "created_date": "2022-09-24T18:14:11.050Z"}}, {"model": "store.variation", "pk": 3, "fields": {"product": 1, "variation_category": "size", "variation_value": "Small", "is_active": true, "created_date": "2022-09-24T18:43:04.346Z"}}, {"model": "store.variation", "pk": 4, "fields": {"product": 2, "variation_category": "color", "variation_value": "Black", "is_active": true, "created_date": "2022-09-26T08:25:19.519Z"}}, {"model": "store.variation", "pk": 5, "fields": {"product": 2, "variation_category": "color", "variation_value": "Brown", "is_active": true, "created_date": "2022-09-26T08:25:29.518Z"}}, {"model": "store.variation", "pk": 6, "fields": {"product": 2, "variation_category": "size", "variation_value": "Small", "is_active": true, "created_date": "2022-09-26T08:25:41.093Z"}}, {"model": "store.variation", "pk": 7, "fields": {"product": 2, "variation_category": "size", "variation_value": "Large", "is_active": true, "created_date": "2022-09-26T08:25:51.348Z"}}, {"model": "store.variation", "pk": 8, "fields": {"product": 1, "variation_category": "color", "variation_value": "Brown", "is_active": true, "created_date": "2022-09-26T09:34:59.066Z"}}, {"model": "store.variation", "pk": 9, "fields": {"product": 1, "variation_category": "size", "variation_value": "Large", "is_active": true, "created_date": "2022-09-26T09:35:10.968Z"}}, {"model": "store.variation", "pk": 10, "fields": {"product": 1, "variation_category": "size", "variation_value": "Small", "is_active": true, "created_date": "2022-09-26T15:30:24.091Z"}}, {"model": "store.reviewrating", "pk": 1, "fields": {"product": 1, "user": 18, "subject": "Test3", "review": "sdfz", "rating": 3.5, "ip": "127.0.0.1", "status": true, "created_at": "2022-10-11T07:07:53.838Z", "updated_at": "2022-10-11T09:28:20.067Z"}}, {"model": "store.reviewrating", "pk": 2, "fields": {"product": 1, "user": 1, "subject": "test another rev", "review": "sdfcdzxc", "rating": 5.0, "ip": "127.0.0.1", "status": true, "created_at": "2022-10-11T08:40:57.737Z", "updated_at": "2022-10-11T09:25:11.718Z"}}, {"model": "store.reviewrating", "pk": 3, "fields": {"product": 1, "user": 1, "subject": "dfcsfc", "review": "zsdfsf", "rating": 3.0, "ip": "127.0.0.1", "status": true, "created_at": "2022-10-11T09:29:02.132Z", "updated_at": "2022-10-11T09:29:02.132Z"}}, {"model": "store.productgallery", "pk": 1, "fields": {"product": 1, "image": "store/products/IMG_20190909_194641.jpg"}}, {"model": "carts.cart", "pk": 8, "fields": {"cart_id": "8pc28om7b4vstju3ubhqzuikycrkc4ad", "date_added": "2022-09-29"}}, {"model": "carts.cart", "pk": 9, "fields": {"cart_id": "ncs3pugy3jybf4z9mmowbxphjn9klszw", "date_added": "2022-09-29"}}, {"model": "carts.cart", "pk": 10, "fields": {"cart_id": "qu3tmzaupafphgp850r6frmwnho3va64", "date_added": "2022-09-29"}}, {"model": "carts.cart", "pk": 11, "fields": {"cart_id": "y3k6cvt7239qfuuuf6ilb4shcks331ga", "date_added": "2022-10-09"}}, {"model": "carts.cart", "pk": 12, "fields": {"cart_id": "ymbzogl7cxbqxkcbwogpqfpud8zztbtz", "date_added": "2022-10-10"}}, {"model": "carts.cart", "pk": 13, "fields": {"cart_id": "dtunogbycwg5mqc8eypubs073as8rpe7", "date_added": "2022-10-12"}}, {"model": "carts.cartitem", "pk": 68, "fields": {"user": 1, "product": 2, "cart": null, "quantity": 1, "is_active": true, "variations": [4, 6]}}, {"model": "orders.payment", "pk": 1, "fields": {"user": 1, "payment_id": "9PP32697WW065792H", "payment_method": "PayPal", "amount_paid": "510.0", "status": "COMPLETED", "created_at": "2022-10-09T17:52:46.097Z"}}, {"model": "orders.payment", "pk": 2, "fields": {"user": 18, "payment_id": "83B45450K17040240", "payment_method": "PayPal", "amount_paid": "510.0", "status": "COMPLETED", "created_at": "2022-10-10T06:55:14.405Z"}}, {"model": "orders.payment", "pk": 3, "fields": {"user": 1, "payment_id": "89D51288L35662054", "payment_method": "PayPal", "amount_paid": "1530.0", "status": "COMPLETED", "created_at": "2022-10-10T07:12:06.485Z"}}, {"model": "orders.payment", "pk": 4, "fields": {"user": 1, "payment_id": "4A531503XM7719908", "payment_method": "PayPal", "amount_paid": "1020.0", "status": "COMPLETED", "created_at": "2022-10-10T08:41:23.512Z"}}, {"model": "orders.payment", "pk": 5, "fields": {"user": 1, "payment_id": "8F641488RT0932038", "payment_method": "PayPal", "amount_paid": "1020.0", "status": "COMPLETED", "created_at": "2022-10-10T09:18:35.822Z"}}, {"model": "orders.payment", "pk": 6, "fields": {"user": 1, "payment_id": "4RX4029361577604E", "payment_method": "PayPal", "amount_paid": "1020.0", "status": "COMPLETED", "created_at": "2022-10-10T09:20:36.420Z"}}, {"model": "orders.payment", "pk": 7, "fields": {"user": 18, "payment_id": "9JA40216MU9983144", "payment_method": "PayPal", "amount_paid": "1026.12", "status": "COMPLETED", "created_at": "2022-10-10T09:39:57.832Z"}}, {"model": "orders.payment", "pk": 8, "fields": {"user": 18, "payment_id": "13Y15567SA4750411", "payment_method": "PayPal", "amount_paid": "516.12", "status": "COMPLETED", "created_at": "2022-10-10T10:20:40.960Z"}}, {"model": "orders.payment", "pk": 9, "fields": {"user": 18, "payment_id": "30120193B2773160X", "payment_method": "PayPal", "amount_paid": "516.12", "status": "COMPLETED", "created_at": "2022-10-10T10:22:42.456Z"}}, {"model": "orders.payment", "pk": 10, "fields": {"user": 18, "payment_id": "30B63530NH2687213", "payment_method": "PayPal", "amount_paid": "516.12", "status": "COMPLETED", "created_at": "2022-10-10T10:24:27.297Z"}}, {"model": "orders.payment", "pk": 11, "fields": {"user": 18, "payment_id": "7VK002583U1422711", "payment_method": "PayPal", "amount_paid": "516.12", "status": "COMPLETED", "created_at": "2022-10-10T11:57:27.512Z"}}, {"model": "orders.payment", "pk": 12, "fields": {"user": 18, "payment_id": "8GP870248F488514K", "payment_method": "PayPal", "amount_paid": "510.0", "status": "COMPLETED", "created_at": "2022-10-10T12:04:01.493Z"}}, {"model": "orders.payment", "pk": 13, "fields": {"user": 18, "payment_id": "0DH65733VB6540845", "payment_method": "PayPal", "amount_paid": "510.0", "status": "COMPLETED", "created_at": "2022-10-10T12:05:54.405Z"}}, {"model": "orders.payment", "pk": 14, "fields": {"user": 18, "payment_id": "626964842U887270U", "payment_method": "PayPal", "amount_paid": "510.0", "status": "COMPLETED", "created_at": "2022-10-10T12:16:26.839Z"}}, {"model": "orders.payment", "pk": 15, "fields": {"user": 18, "payment_id": "9JM36011HX5379918", "payment_method": "PayPal", "amount_paid": "510.0", "status": "COMPLETED", "created_at": "2022-10-11T08:19:37.081Z"}}, {"model": "orders.payment", "pk": 16, "fields": {"user": 18, "payment_id": "4YX37516S21047209", "payment_method": "PayPal", "amount_paid": "510.0", "status": "COMPLETED", "created_at": "2022-10-11T08:21:20.074Z"}}, {"model": "orders.payment", "pk": 17, "fields": {"user": 22, "payment_id": "0VA83677G15373825", "payment_method": "PayPal", "amount_paid": "510.0", "status": "COMPLETED", "created_at": "2022-10-11T14:22:40.845Z"}}, {"model": "orders.payment", "pk": 18, "fields": {"user": 22, "payment_id": "29W344547P946554H", "payment_method": "PayPal", "amount_paid": "510.0", "status": "COMPLETED", "created_at": "2022-10-12T08:54:37.919Z"}}, {"model": "orders.order", "pk": 58, "fields": {"user": 22, "payment": 17, "order_number": "2022101158", "first_name": "Jaya", "last_name": "singh", "phone": "22222222222", "email": "Jaya@gmail.com", "address_line_1": "nashik road", "address_line_2": "shree gajanan", "country": "India", "state": "maha", "city": "nashik", "order_note": "", "order_total": 510.0, "tax": 10.0, "status": "New", "ip": "127.0.0.1", "is_ordered": true, "created_at": "2022-10-11T14:22:11.026Z", "updated_at": "2022-10-11T14:22:40.862Z"}}, {"model": "orders.order", "pk": 59, "fields": {"user": 22, "payment": 18, "order_number": "2022101259", "first_name": "Jaya", "last_name": "Singh", "phone": "22222222222", "email": "Jaya@gmail.com", "address_line_1": "222222222222", "address_line_2": "shree gajanan", "country": "India", "state": "bhui", "city": "bhuk", "order_note": "", "order_total": 510.0, "tax": 10.0, "status": "New", "ip": "127.0.0.1", "is_ordered": true, "created_at": "2022-10-12T08:53:52.487Z", "updated_at": "2022-10-12T08:54:37.932Z"}}, {"model": "orders.orderproduct", "pk": 22, "fields": {"order": 58, "payment": 17, "user": 22, "product": 1, "quantity": 1, "product_price": 500.0, "ordered": true, "created_at": "2022-10-11T14:22:40.880Z", "updated_at": "2022-10-11T14:22:40.908Z", "variations": [1]}}, {"model": "orders.orderproduct", "pk": 23, "fields": {"order": 59, "payment": 18, "user": 22, "product": 1, "quantity": 1, "product_price": 500.0, "ordered": true, "created_at": "2022-10-12T08:54:37.960Z", "updated_at": "2022-10-12T08:54:38.011Z", "variations": [2]}}, {"model": "admin_honeypot.loginattempt", "pk": 1, "fields": {"username": "jay", "ip_address": "127.0.0.1", "session_key": "fd7jmf3dpjkwqj38ggmxkmxssxvq3740", "user_agent": "Mozilla/5.0 (Windows NT 10.0; Win64; x64) AppleWebKit/537.36 (KHTML, like Gecko) Chrome/106.0.0.0 Safari/537.36", "timestamp": "2022-10-11T16:34:12.684Z", "path": "/admin/login/?next=/admin/"}}, {"model": "admin_honeypot.loginattempt", "pk": 2, "fields": {"username": "Jayshree2014@gmail.com", "ip_address": "127.0.0.1", "session_key": "fd7jmf3dpjkwqj38ggmxkmxssxvq3740", "user_agent": "Mozilla/5.0 (Windows NT 10.0; Win64; x64) AppleWebKit/537.36 (KHTML, like Gecko) Chrome/106.0.0.0 Safari/537.36", "timestamp": "2022-10-11T16:34:35.986Z", "path": "/admin/login/?next=/admin/"}}, {"model": "admin_honeypot.loginattempt", "pk": 3, "fields": {"username": "Jayshree2014@gmail.com", "ip_address": "127.0.0.1", "session_key": "fd7jmf3dpjkwqj38ggmxkmxssxvq3740", "user_agent": "Mozilla/5.0 (Windows NT 10.0; Win64; x64) AppleWebKit/537.36 (KHTML, like Gecko) Chrome/106.0.0.0 Safari/537.36", "timestamp": "2022-10-12T04:35:36.858Z", "path": "/admin/login/?next=/admin/"}}, {"model": "admin.logentry", "pk": 1, "fields": {"action_time": "2022-09-21T11:40:21.540Z", "user": 1, "content_type": 1, "object_id": "1", "object_repr": "Jackets", "action_flag": 1, "change_message": "[{\"added\": {}}]"}}, {"model": "admin.logentry", "pk": 2, "fields": {"action_time": "2022-09-22T06:13:24.289Z", "user": 1, "content_type": 8, "object_id": "1", "object_repr": "Leather Jacket", "action_flag": 1, "change_message": "[{\"added\": {}}]"}}, {"model": "admin.logentry", "pk": 3, "fields": {"action_time": "2022-09-22T06:29:05.963Z", "user": 1, "content_type": 8, "object_id": "2", "object_repr": "tshirt", "action_flag": 1, "change_message": "[{\"added\": {}}]"}}, {"model": "admin.logentry", "pk": 4, "fields": {"action_time": "2022-09-22T11:40:50.699Z", "user": 1, "content_type": 1, "object_id": "2", "object_repr": "Tshirts", "action_flag": 1, "change_message": "[{\"added\": {}}]"}}, {"model": "admin.logentry", "pk": 5, "fields": {"action_time": "2022-09-22T11:44:44.980Z", "user": 1, "content_type": 8, "object_id": "3", "object_repr": "Blue tshirt", "action_flag": 1, "change_message": "[{\"added\": {}}]"}}, {"model": "admin.logentry", "pk": 6, "fields": {"action_time": "2022-09-22T14:23:26.885Z", "user": 1, "content_type": 8, "object_id": "4", "object_repr": "great-tshirt", "action_flag": 1, "change_message": "[{\"added\": {}}]"}}, {"model": "admin.logentry", "pk": 7, "fields": {"action_time": "2022-09-22T14:29:17.477Z", "user": 1, "content_type": 8, "object_id": "2", "object_repr": "tshirt_", "action_flag": 2, "change_message": "[{\"changed\": {\"fields\": [\"Product name\", \"Slug\"]}}]"}}, {"model": "admin.logentry", "pk": 8, "fields": {"action_time": "2022-09-22T18:21:41.048Z", "user": 1, "content_type": 8, "object_id": "3", "object_repr": "Blue tshirt", "action_flag": 2, "change_message": "[{\"changed\": {\"fields\": [\"Stock\"]}}]"}}, {"model": "admin.logentry", "pk": 9, "fields": {"action_time": "2022-09-24T12:40:43.654Z", "user": 1, "content_type": 8, "object_id": "5", "object_repr": "tshirt", "action_flag": 1, "change_message": "[{\"added\": {}}]"}}, {"model": "admin.logentry", "pk": 10, "fields": {"action_time": "2022-09-24T18:10:54.194Z", "user": 1, "content_type": 11, "object_id": "1", "object_repr": "Variation object (1)", "action_flag": 1, "change_message": "[{\"added\": {}}]"}}, {"model": "admin.logentry", "pk": 11, "fields": {"action_time": "2022-09-24T18:11:04.382Z", "user": 1, "content_type": 11, "object_id": "1", "object_repr": "Variation object (1)", "action_flag": 2, "change_message": "[{\"changed\": {\"fields\": [\"Variation value\"]}}]"}}, {"model": "admin.logentry", "pk": 12, "fields": {"action_time": "2022-09-24T18:11:18.818Z", "user": 1, "content_type": 11, "object_id": "1", "object_repr": "Variation object (1)", "action_flag": 2, "change_message": "[{\"changed\": {\"fields\": [\"Variation category\", \"Variation value\"]}}]"}}, {"model": "admin.logentry", "pk": 13, "fields": {"action_time": "2022-09-24T18:11:37.761Z", "user": 1, "content_type": 11, "object_id": "1", "object_repr": "Variation object (1)", "action_flag": 2, "change_message": "[{\"changed\": {\"fields\": [\"Variation category\", \"Variation value\"]}}]"}}, {"model": "admin.logentry", "pk": 14, "fields": {"action_time": "2022-09-24T18:11:50.260Z", "user": 1, "content_type": 11, "object_id": "2", "object_repr": "Variation object (2)", "action_flag": 1, "change_message": "[{\"added\": {}}]"}}, {"model": "admin.logentry", "pk": 15, "fields": {"action_time": "2022-09-24T18:14:11.055Z", "user": 1, "content_type": 11, "object_id": "2", "object_repr": "Variation object (2)", "action_flag": 2, "change_message": "[{\"changed\": {\"fields\": [\"Variation value\"]}}]"}}, {"model": "admin.logentry", "pk": 16, "fields": {"action_time": "2022-09-24T18:43:04.348Z", "user": 1, "content_type": 11, "object_id": "3", "object_repr": "Variation object (3)", "action_flag": 1, "change_message": "[{\"added\": {}}]"}}, {"model": "admin.logentry", "pk": 17, "fields": {"action_time": "2022-09-26T08:25:19.522Z", "user": 1, "content_type": 11, "object_id": "4", "object_repr": "Black", "action_flag": 1, "change_message": "[{\"added\": {}}]"}}, {"model": "admin.logentry", "pk": 18, "fields": {"action_time": "2022-09-26T08:25:29.521Z", "user": 1, "content_type": 11, "object_id": "5", "object_repr": "Brown", "action_flag": 1, "change_message": "[{\"added\": {}}]"}}, {"model": "admin.logentry", "pk": 19, "fields": {"action_time": "2022-09-26T08:25:41.095Z", "user": 1, "content_type": 11, "object_id": "6", "object_repr": "Small", "action_flag": 1, "change_message": "[{\"added\": {}}]"}}, {"model": "admin.logentry", "pk": 20, "fields": {"action_time": "2022-09-26T08:25:51.351Z", "user": 1, "content_type": 11, "object_id": "7", "object_repr": "Large", "action_flag": 1, "change_message": "[{\"added\": {}}]"}}, {"model": "admin.logentry", "pk": 21, "fields": {"action_time": "2022-09-26T09:34:59.069Z", "user": 1, "content_type": 11, "object_id": "8", "object_repr": "Brown", "action_flag": 1, "change_message": "[{\"added\": {}}]"}}, {"model": "admin.logentry", "pk": 22, "fields": {"action_time": "2022-09-26T09:35:10.971Z", "user": 1, "content_type": 11, "object_id": "9", "object_repr": "Large", "action_flag": 1, "change_message": "[{\"added\": {}}]"}}, {"model": "admin.logentry", "pk": 23, "fields": {"action_time": "2022-09-26T11:54:44.436Z", "user": 1, "content_type": 10, "object_id": "14", "object_repr": "CartItem object (14)", "action_flag": 3, "change_message": ""}}, {"model": "admin.logentry", "pk": 24, "fields": {"action_time": "2022-09-26T11:54:44.447Z", "user": 1, "content_type": 10, "object_id": "13", "object_repr": "CartItem object (13)", "action_flag": 3, "change_message": ""}}, {"model": "admin.logentry", "pk": 25, "fields": {"action_time": "2022-09-26T11:54:44.452Z", "user": 1, "content_type": 10, "object_id": "12", "object_repr": "CartItem object (12)", "action_flag": 3, "change_message": ""}}, {"model": "admin.logentry", "pk": 26, "fields": {"action_time": "2022-09-26T11:54:50.809Z", "user": 1, "content_type": 10, "object_id": "23", "object_repr": "CartItem object (23)", "action_flag": 3, "change_message": ""}}, {"model": "admin.logentry", "pk": 27, "fields": {"action_time": "2022-09-26T11:54:50.820Z", "user": 1, "content_type": 10, "object_id": "21", "object_repr": "CartItem object (21)", "action_flag": 3, "change_message": ""}}, {"model": "admin.logentry", "pk": 28, "fields": {"action_time": "2022-09-26T12:12:48.417Z", "user": 1, "content_type": 10, "object_id": "27", "object_repr": "CartItem object (27)", "action_flag": 3, "change_message": ""}}, {"model": "admin.logentry", "pk": 29, "fields": {"action_time": "2022-09-26T12:12:48.429Z", "user": 1, "content_type": 10, "object_id": "25", "object_repr": "CartItem object (25)", "action_flag": 3, "change_message": ""}}, {"model": "admin.logentry", "pk": 30, "fields": {"action_time": "2022-09-26T12:12:48.435Z", "user": 1, "content_type": 10, "object_id": "24", "object_repr": "CartItem object (24)", "action_flag": 3, "change_message": ""}}, {"model": "admin.logentry", "pk": 31, "fields": {"action_time": "2022-09-26T13:08:08.372Z", "user": 1, "content_type": 10, "object_id": "30", "object_repr": "CartItem object (30)", "action_flag": 3, "change_message": ""}}, {"model": "admin.logentry", "pk": 32, "fields": {"action_time": "2022-09-26T13:08:28.401Z", "user": 1, "content_type": 10, "object_id": "31", "object_repr": "CartItem object (31)", "action_flag": 1, "change_message": "[{\"added\": {}}]"}}, {"model": "admin.logentry", "pk": 33, "fields": {"action_time": "2022-09-26T13:08:52.020Z", "user": 1, "content_type": 10, "object_id": "32", "object_repr": "CartItem object (32)", "action_flag": 1, "change_message": "[{\"added\": {}}]"}}, {"model": "admin.logentry", "pk": 34, "fields": {"action_time": "2022-09-26T14:40:51.807Z", "user": 1, "content_type": 10, "object_id": "35", "object_repr": "CartItem object (35)", "action_flag": 1, "change_message": "[{\"added\": {}}]"}}, {"model": "admin.logentry", "pk": 35, "fields": {"action_time": "2022-09-26T15:29:24.880Z", "user": 1, "content_type": 10, "object_id": "35", "object_repr": "CartItem object (35)", "action_flag": 2, "change_message": "[{\"changed\": {\"fields\": [\"Variations\"]}}]"}}, {"model": "admin.logentry", "pk": 36, "fields": {"action_time": "2022-09-26T15:30:24.095Z", "user": 1, "content_type": 11, "object_id": "10", "object_repr": "Small", "action_flag": 1, "change_message": "[{\"added\": {}}]"}}, {"model": "admin.logentry", "pk": 37, "fields": {"action_time": "2022-09-26T15:30:26.274Z", "user": 1, "content_type": 10, "object_id": "35", "object_repr": "CartItem object (35)", "action_flag": 2, "change_message": "[{\"changed\": {\"fields\": [\"Variations\"]}}]"}}, {"model": "admin.logentry", "pk": 38, "fields": {"action_time": "2022-09-26T15:30:39.413Z", "user": 1, "content_type": 10, "object_id": "37", "object_repr": "CartItem object (37)", "action_flag": 3, "change_message": ""}}, {"model": "admin.logentry", "pk": 39, "fields": {"action_time": "2022-09-26T15:30:39.424Z", "user": 1, "content_type": 10, "object_id": "35", "object_repr": "CartItem object (35)", "action_flag": 3, "change_message": ""}}, {"model": "admin.logentry", "pk": 40, "fields": {"action_time": "2022-09-27T06:57:19.352Z", "user": 1, "content_type": 2, "object_id": "3", "object_repr": "JAYSHREE2014@gmail.com", "action_flag": 3, "change_message": ""}}, {"model": "admin.logentry", "pk": 41, "fields": {"action_time": "2022-09-27T06:57:19.364Z", "user": 1, "content_type": 2, "object_id": "2", "object_repr": "svaishnavi327@gmail.com", "action_flag": 3, "change_message": ""}}, {"model": "admin.logentry", "pk": 42, "fields": {"action_time": "2022-09-27T13:25:36.050Z", "user": 1, "content_type": 2, "object_id": "4", "object_repr": "JAYSHREE2014@gmail.com", "action_flag": 3, "change_message": ""}}, {"model": "admin.logentry", "pk": 43, "fields": {"action_time": "2022-09-27T13:38:43.093Z", "user": 1, "content_type": 2, "object_id": "6", "object_repr": "JAYSHREEZ2014@gmail.com", "action_flag": 3, "change_message": ""}}, {"model": "admin.logentry", "pk": 44, "fields": {"action_time": "2022-09-27T13:38:43.109Z", "user": 1, "content_type": 2, "object_id": "5", "object_repr": "JAYSHREE2014@gmail.com", "action_flag": 3, "change_message": ""}}, {"model": "admin.logentry", "pk": 45, "fields": {"action_time": "2022-09-27T13:53:05.761Z", "user": 1, "content_type": 2, "object_id": "8", "object_repr": "Jayshreez2014@gmail.com", "action_flag": 3, "change_message": ""}}, {"model": "admin.logentry", "pk": 46, "fields": {"action_time": "2022-09-27T13:53:05.775Z", "user": 1, "content_type": 2, "object_id": "7", "object_repr": "JAYSHREE2014@gmail.com", "action_flag": 3, "change_message": ""}}, {"model": "admin.logentry", "pk": 47, "fields": {"action_time": "2022-09-28T07:12:41.471Z", "user": 1, "content_type": 2, "object_id": "10", "object_repr": "JAYSHREE2014@gmail.com", "action_flag": 3, "change_message": ""}}, {"model": "admin.logentry", "pk": 48, "fields": {"action_time": "2022-09-28T07:12:41.486Z", "user": 1, "content_type": 2, "object_id": "9", "object_repr": "Jayshreez2014@gmail.com", "action_flag": 3, "change_message": ""}}, {"model": "admin.logentry", "pk": 49, "fields": {"action_time": "2022-09-28T07:15:25.999Z", "user": 1, "content_type": 2, "object_id": "11", "object_repr": "Jayshreez2014@gmail.com", "action_flag": 3, "change_message": ""}}, {"model": "admin.logentry", "pk": 50, "fields": {"action_time": "2022-09-28T07:23:43.895Z", "user": 1, "content_type": 2, "object_id": "13", "object_repr": "jayshreez2014@gmail.com", "action_flag": 3, "change_message": ""}}, {"model": "admin.logentry", "pk": 51, "fields": {"action_time": "2022-09-28T07:23:43.905Z", "user": 1, "content_type": 2, "object_id": "12", "object_repr": "Jayshreez2014@gmail.com", "action_flag": 3, "change_message": ""}}, {"model": "admin.logentry", "pk": 52, "fields": {"action_time": "2022-09-28T09:10:23.709Z", "user": 1, "content_type": 2, "object_id": "14", "object_repr": "jayshreez2014@gmail.com", "action_flag": 3, "change_message": ""}}, {"model": "admin.logentry", "pk": 53, "fields": {"action_time": "2022-09-28T09:11:47.288Z", "user": 1, "content_type": 2, "object_id": "15", "object_repr": "jayshreez2014@gmail.com", "action_flag": 3, "change_message": ""}}, {"model": "admin.logentry", "pk": 54, "fields": {"action_time": "2022-09-28T10:01:10.332Z", "user": 1, "content_type": 2, "object_id": "16", "object_repr": "jayshreez2014@gmail.com", "action_flag": 3, "change_message": ""}}, {"model": "admin.logentry", "pk": 55, "fields": {"action_time": "2022-09-28T12:43:11.063Z", "user": 1, "content_type": 2, "object_id": "17", "object_repr": "JAYSHREE2014@gmail.com", "action_flag": 3, "change_message": ""}}, {"model": "admin.logentry", "pk": 56, "fields": {"action_time": "2022-09-29T03:50:54.438Z", "user": 1, "content_type": 2, "object_id": "18", "object_repr": "jayshreez2014@gmail.com", "action_flag": 2, "change_message": "[{\"changed\": {\"fields\": [\"Is active\"]}}]"}}, {"model": "admin.logentry", "pk": 57, "fields": {"action_time": "2022-09-29T05:33:26.220Z", "user": 1, "content_type": 10, "object_id": "44", "object_repr": "CartItem object (44)", "action_flag": 2, "change_message": "[{\"changed\": {\"fields\": [\"User\"]}}]"}}, {"model": "admin.logentry", "pk": 58, "fields": {"action_time": "2022-09-29T05:45:31.598Z", "user": 1, "content_type": 2, "object_id": "21", "object_repr": "jayshreezz12014@gmail.com", "action_flag": 3, "change_message": ""}}, {"model": "admin.logentry", "pk": 59, "fields": {"action_time": "2022-09-29T05:45:31.611Z", "user": 1, "content_type": 2, "object_id": "20", "object_repr": "svaishnavii327@gmail.com", "action_flag": 3, "change_message": ""}}, {"model": "admin.logentry", "pk": 60, "fields": {"action_time": "2022-09-29T05:45:31.622Z", "user": 1, "content_type": 2, "object_id": "19", "object_repr": "svaishnavi327@gmail.com", "action_flag": 3, "change_message": ""}}, {"model": "admin.logentry", "pk": 61, "fields": {"action_time": "2022-09-29T05:45:45.758Z", "user": 1, "content_type": 10, "object_id": "46", "object_repr": "CartItem object (46)", "action_flag": 3, "change_message": ""}}, {"model": "admin.logentry", "pk": 62, "fields": {"action_time": "2022-09-29T05:45:45.770Z", "user": 1, "content_type": 10, "object_id": "43", "object_repr": "CartItem object (43)", "action_flag": 3, "change_message": ""}}, {"model": "admin.logentry", "pk": 63, "fields": {"action_time": "2022-09-29T05:45:45.782Z", "user": 1, "content_type": 10, "object_id": "41", "object_repr": "CartItem object (41)", "action_flag": 3, "change_message": ""}}, {"model": "admin.logentry", "pk": 64, "fields": {"action_time": "2022-09-29T05:45:45.791Z", "user": 1, "content_type": 10, "object_id": "40", "object_repr": "CartItem object (40)", "action_flag": 3, "change_message": ""}}, {"model": "admin.logentry", "pk": 65, "fields": {"action_time": "2022-09-29T05:45:45.801Z", "user": 1, "content_type": 10, "object_id": "39", "object_repr": "CartItem object (39)", "action_flag": 3, "change_message": ""}}, {"model": "admin.logentry", "pk": 66, "fields": {"action_time": "2022-09-29T05:45:45.812Z", "user": 1, "content_type": 10, "object_id": "38", "object_repr": "CartItem object (38)", "action_flag": 3, "change_message": ""}}, {"model": "admin.logentry", "pk": 67, "fields": {"action_time": "2022-09-29T05:45:53.546Z", "user": 1, "content_type": 9, "object_id": "7", "object_repr": "ys4w3l3smvqb8y2lwl3u1cjw386t2986", "action_flag": 3, "change_message": ""}}, {"model": "admin.logentry", "pk": 68, "fields": {"action_time": "2022-09-29T05:45:53.557Z", "user": 1, "content_type": 9, "object_id": "6", "object_repr": "79annjkpn1xdk9n94fhdgl2hokcqrapw", "action_flag": 3, "change_message": ""}}, {"model": "admin.logentry", "pk": 69, "fields": {"action_time": "2022-09-29T05:45:53.565Z", "user": 1, "content_type": 9, "object_id": "5", "object_repr": "05lrg8vs4eagh4rad75hzsuyf212f5za", "action_flag": 3, "change_message": ""}}, {"model": "admin.logentry", "pk": 70, "fields": {"action_time": "2022-09-29T05:45:53.572Z", "user": 1, "content_type": 9, "object_id": "4", "object_repr": "zk07rfgsa8iqsdvhxrqsi66k5m9lv0i6", "action_flag": 3, "change_message": ""}}, {"model": "admin.logentry", "pk": 71, "fields": {"action_time": "2022-09-29T05:45:53.581Z", "user": 1, "content_type": 9, "object_id": "3", "object_repr": "dia56ntnhi4vwfwthz260apdjadwp85o", "action_flag": 3, "change_message": ""}}, {"model": "admin.logentry", "pk": 72, "fields": {"action_time": "2022-09-29T05:45:53.587Z", "user": 1, "content_type": 9, "object_id": "2", "object_repr": "tkx3ecoufaiurkwpw8stx6070yti0e5o", "action_flag": 3, "change_message": ""}}, {"model": "admin.logentry", "pk": 73, "fields": {"action_time": "2022-09-29T05:45:53.595Z", "user": 1, "content_type": 9, "object_id": "1", "object_repr": "dhkhgm7yuquqjp0vcnh5toiwu7ovber1", "action_flag": 3, "change_message": ""}}, {"model": "admin.logentry", "pk": 74, "fields": {"action_time": "2022-09-29T06:29:06.744Z", "user": 1, "content_type": 10, "object_id": "47", "object_repr": "CartItem object (47)", "action_flag": 2, "change_message": "[{\"changed\": {\"fields\": [\"User\"]}}]"}}, {"model": "admin.logentry", "pk": 75, "fields": {"action_time": "2022-09-29T06:35:03.398Z", "user": 1, "content_type": 10, "object_id": "48", "object_repr": "CartItem object (48)", "action_flag": 2, "change_message": "[{\"changed\": {\"fields\": [\"User\"]}}]"}}, {"model": "admin.logentry", "pk": 76, "fields": {"action_time": "2022-09-29T06:35:35.995Z", "user": 1, "content_type": 10, "object_id": "48", "object_repr": "CartItem object (48)", "action_flag": 2, "change_message": "[]"}}, {"model": "admin.logentry", "pk": 77, "fields": {"action_time": "2022-09-29T07:12:11.049Z", "user": 1, "content_type": 10, "object_id": "51", "object_repr": "CartItem object (51)", "action_flag": 2, "change_message": "[{\"changed\": {\"fields\": [\"User\"]}}]"}}, {"model": "admin.logentry", "pk": 78, "fields": {"action_time": "2022-09-29T07:12:29.140Z", "user": 1, "content_type": 10, "object_id": "50", "object_repr": "CartItem object (50)", "action_flag": 2, "change_message": "[{\"changed\": {\"fields\": [\"User\"]}}]"}}, {"model": "admin.logentry", "pk": 79, "fields": {"action_time": "2022-09-29T07:12:40.026Z", "user": 1, "content_type": 10, "object_id": "49", "object_repr": "CartItem object (49)", "action_flag": 2, "change_message": "[{\"changed\": {\"fields\": [\"User\"]}}]"}}, {"model": "admin.logentry", "pk": 80, "fields": {"action_time": "2022-09-29T18:43:31.510Z", "user": 1, "content_type": 14, "object_id": "26", "object_repr": "JAYSHREE3", "action_flag": 2, "change_message": "[{\"changed\": {\"fields\": [\"Is ordered\"]}}]"}}, {"model": "admin.logentry", "pk": 81, "fields": {"action_time": "2022-10-10T09:16:16.078Z", "user": 1, "content_type": 8, "object_id": "1", "object_repr": "Leather Jacket", "action_flag": 2, "change_message": "[{\"changed\": {\"fields\": [\"Stock\"]}}]"}}, {"model": "admin.logentry", "pk": 82, "fields": {"action_time": "2022-10-11T08:40:57.740Z", "user": 1, "content_type": 15, "object_id": "2", "object_repr": "test another rev", "action_flag": 1, "change_message": "[{\"added\": {}}]"}}, {"model": "admin.logentry", "pk": 83, "fields": {"action_time": "2022-10-11T08:41:12.569Z", "user": 1, "content_type": 15, "object_id": "2", "object_repr": "test another rev", "action_flag": 2, "change_message": "[{\"changed\": {\"fields\": [\"Ip\"]}}]"}}, {"model": "admin.logentry", "pk": 84, "fields": {"action_time": "2022-10-11T09:25:11.726Z", "user": 1, "content_type": 15, "object_id": "2", "object_repr": "test another rev", "action_flag": 2, "change_message": "[]"}}, {"model": "admin.logentry", "pk": 85, "fields": {"action_time": "2022-10-11T09:25:21.841Z", "user": 1, "content_type": 15, "object_id": "1", "object_repr": "Test", "action_flag": 2, "change_message": "[{\"changed\": {\"fields\": [\"Product\"]}}]"}}, {"model": "admin.logentry", "pk": 86, "fields": {"action_time": "2022-10-11T09:29:02.134Z", "user": 1, "content_type": 15, "object_id": "3", "object_repr": "dfcsfc", "action_flag": 1, "change_message": "[{\"added\": {}}]"}}, {"model": "admin.logentry", "pk": 87, "fields": {"action_time": "2022-10-11T11:55:18.867Z", "user": 1, "content_type": 16, "object_id": "1", "object_repr": "sneha", "action_flag": 1, "change_message": "[{\"added\": {}}]"}}, {"model": "admin.logentry", "pk": 88, "fields": {"action_time": "2022-10-11T11:58:50.548Z", "user": 1, "content_type": 14, "object_id": "57", "object_repr": "sneha1", "action_flag": 3, "change_message": ""}}, {"model": "admin.logentry", "pk": 89, "fields": {"action_time": "2022-10-11T11:58:50.561Z", "user": 1, "content_type": 14, "object_id": "56", "object_repr": "sneha2", "action_flag": 3, "change_message": ""}}, {"model": "admin.logentry", "pk": 90, "fields": {"action_time": "2022-10-11T11:58:50.571Z", "user": 1, "content_type": 14, "object_id": "55", "object_repr": "sneha3", "action_flag": 3, "change_message": ""}}, {"model": "admin.logentry", "pk": 91, "fields": {"action_time": "2022-10-11T11:58:50.580Z", "user": 1, "content_type": 14, "object_id": "54", "object_repr": "sneha3", "action_flag": 3, "change_message": ""}}, {"model": "admin.logentry", "pk": 92, "fields": {"action_time": "2022-10-11T11:58:50.590Z", "user": 1, "content_type": 14, "object_id": "53", "object_repr": "sneha3", "action_flag": 3, "change_message": ""}}, {"model": "admin.logentry", "pk": 93, "fields": {"action_time": "2022-10-11T11:58:50.598Z", "user": 1, "content_type": 14, "object_id": "52", "object_repr": "sneha2", "action_flag": 3, "change_message": ""}}, {"model": "admin.logentry", "pk": 94, "fields": {"action_time": "2022-10-11T11:58:50.606Z", "user": 1, "content_type": 14, "object_id": "51", "object_repr": "sneha2", "action_flag": 3, "change_message": ""}}, {"model": "admin.logentry", "pk": 95, "fields": {"action_time": "2022-10-11T11:58:50.613Z", "user": 1, "content_type": 14, "object_id": "50", "object_repr": "sneha1", "action_flag": 3, "change_message": ""}}, {"model": "admin.logentry", "pk": 96, "fields": {"action_time": "2022-10-11T11:58:50.620Z", "user": 1, "content_type": 14, "object_id": "49", "object_repr": "sneha1", "action_flag": 3, "change_message": ""}}, {"model": "admin.logentry", "pk": 97, "fields": {"action_time": "2022-10-11T11:58:50.627Z", "user": 1, "content_type": 14, "object_id": "48", "object_repr": "sneha", "action_flag": 3, "change_message": ""}}, {"model": "admin.logentry", "pk": 98, "fields": {"action_time": "2022-10-11T11:58:50.635Z", "user": 1, "content_type": 14, "object_id": "47", "object_repr": "JAYSHREE123", "action_flag": 3, "change_message": ""}}, {"model": "admin.logentry", "pk": 99, "fields": {"action_time": "2022-10-11T11:58:50.642Z", "user": 1, "content_type": 14, "object_id": "46", "object_repr": "JAYSHREEqqq", "action_flag": 3, "change_message": ""}}, {"model": "admin.logentry", "pk": 100, "fields": {"action_time": "2022-10-11T11:58:50.649Z", "user": 1, "content_type": 14, "object_id": "45", "object_repr": "JAYSHREEqqq", "action_flag": 3, "change_message": ""}}, {"model": "admin.logentry", "pk": 101, "fields": {"action_time": "2022-10-11T11:58:50.656Z", "user": 1, "content_type": 14, "object_id": "44", "object_repr": "JAYSHREEqqq", "action_flag": 3, "change_message": ""}}, {"model": "admin.logentry", "pk": 102, "fields": {"action_time": "2022-10-11T11:58:50.663Z", "user": 1, "content_type": 14, "object_id": "43", "object_repr": "JAYSHREEqqq", "action_flag": 3, "change_message": ""}}, {"model": "admin.logentry", "pk": 103, "fields": {"action_time": "2022-10-11T11:58:50.670Z", "user": 1, "content_type": 14, "object_id": "42", "object_repr": "JAYSHREEwwwww", "action_flag": 3, "change_message": ""}}, {"model": "admin.logentry", "pk": 104, "fields": {"action_time": "2022-10-11T11:58:50.677Z", "user": 1, "content_type": 14, "object_id": "41", "object_repr": "JAYSHREEwwwww", "action_flag": 3, "change_message": ""}}, {"model": "admin.logentry", "pk": 105, "fields": {"action_time": "2022-10-11T11:58:50.684Z", "user": 1, "content_type": 14, "object_id": "40", "object_repr": "JAYSHREEvjvjhuj", "action_flag": 3, "change_message": ""}}, {"model": "admin.logentry", "pk": 106, "fields": {"action_time": "2022-10-11T11:58:50.692Z", "user": 1, "content_type": 14, "object_id": "39", "object_repr": "JAYSHREEnew", "action_flag": 3, "change_message": ""}}, {"model": "admin.logentry", "pk": 107, "fields": {"action_time": "2022-10-11T11:58:50.699Z", "user": 1, "content_type": 14, "object_id": "38", "object_repr": "JAYSHREE", "action_flag": 3, "change_message": ""}}, {"model": "admin.logentry", "pk": 108, "fields": {"action_time": "2022-10-11T11:59:00.772Z", "user": 1, "content_type": 14, "object_id": "37", "object_repr": "JAYSHREE", "action_flag": 3, "change_message": ""}}, {"model": "admin.logentry", "pk": 109, "fields": {"action_time": "2022-10-11T11:59:00.783Z", "user": 1, "content_type": 14, "object_id": "36", "object_repr": "JAYSHREE", "action_flag": 3, "change_message": ""}}, {"model": "admin.logentry", "pk": 110, "fields": {"action_time": "2022-10-11T11:59:00.791Z", "user": 1, "content_type": 14, "object_id": "35", "object_repr": "JAYSHREE", "action_flag": 3, "change_message": ""}}, {"model": "admin.logentry", "pk": 111, "fields": {"action_time": "2022-10-11T11:59:00.798Z", "user": 1, "content_type": 14, "object_id": "34", "object_repr": "JAYSHREE", "action_flag": 3, "change_message": ""}}, {"model": "admin.logentry", "pk": 112, "fields": {"action_time": "2022-10-11T11:59:00.804Z", "user": 1, "content_type": 14, "object_id": "33", "object_repr": "JAYSHREE", "action_flag": 3, "change_message": ""}}, {"model": "admin.logentry", "pk": 113, "fields": {"action_time": "2022-10-11T11:59:00.811Z", "user": 1, "content_type": 14, "object_id": "32", "object_repr": "JAYSHREE", "action_flag": 3, "change_message": ""}}, {"model": "admin.logentry", "pk": 114, "fields": {"action_time": "2022-10-11T11:59:00.820Z", "user": 1, "content_type": 14, "object_id": "31", "object_repr": "JAYSHREE", "action_flag": 3, "change_message": ""}}, {"model": "admin.logentry", "pk": 115, "fields": {"action_time": "2022-10-11T11:59:00.829Z", "user": 1, "content_type": 14, "object_id": "30", "object_repr": "jayshree", "action_flag": 3, "change_message": ""}}, {"model": "admin.logentry", "pk": 116, "fields": {"action_time": "2022-10-11T11:59:00.838Z", "user": 1, "content_type": 14, "object_id": "29", "object_repr": "jayshree", "action_flag": 3, "change_message": ""}}, {"model": "admin.logentry", "pk": 117, "fields": {"action_time": "2022-10-11T11:59:00.846Z", "user": 1, "content_type": 14, "object_id": "28", "object_repr": "JAYSHREE3", "action_flag": 3, "change_message": ""}}, {"model": "admin.logentry", "pk": 118, "fields": {"action_time": "2022-10-11T11:59:00.854Z", "user": 1, "content_type": 14, "object_id": "27", "object_repr": "JAYSHREE3", "action_flag": 3, "change_message": ""}}, {"model": "admin.logentry", "pk": 119, "fields": {"action_time": "2022-10-11T11:59:00.861Z", "user": 1, "content_type": 14, "object_id": "26", "object_repr": "JAYSHREE3", "action_flag": 3, "change_message": ""}}, {"model": "admin.logentry", "pk": 120, "fields": {"action_time": "2022-10-11T11:59:00.867Z", "user": 1, "content_type": 14, "object_id": "25", "object_repr": "JAYSHREE3", "action_flag": 3, "change_message": ""}}, {"model": "admin.logentry", "pk": 121, "fields": {"action_time": "2022-10-11T11:59:00.874Z", "user": 1, "content_type": 14, "object_id": "24", "object_repr": "JAYSHREE3", "action_flag": 3, "change_message": ""}}, {"model": "admin.logentry", "pk": 122, "fields": {"action_time": "2022-10-11T11:59:00.881Z", "user": 1, "content_type": 14, "object_id": "23", "object_repr": "JAYSHREE3", "action_flag": 3, "change_message": ""}}, {"model": "admin.logentry", "pk": 123, "fields": {"action_time": "2022-10-11T11:59:00.889Z", "user": 1, "content_type": 14, "object_id": "22", "object_repr": "JAYSHREE3", "action_flag": 3, "change_message": ""}}, {"model": "admin.logentry", "pk": 124, "fields": {"action_time": "2022-10-11T11:59:00.896Z", "user": 1, "content_type": 14, "object_id": "21", "object_repr": "JAYSHREE3", "action_flag": 3, "change_message": ""}}, {"model": "admin.logentry", "pk": 125, "fields": {"action_time": "2022-10-11T11:59:00.903Z", "user": 1, "content_type": 14, "object_id": "20", "object_repr": "JAYSHREE3", "action_flag": 3, "change_message": ""}}, {"model": "admin.logentry", "pk": 126, "fields": {"action_time": "2022-10-11T11:59:00.910Z", "user": 1, "content_type": 14, "object_id": "19", "object_repr": "JAYSHREE3", "action_flag": 3, "change_message": ""}}, {"model": "admin.logentry", "pk": 127, "fields": {"action_time": "2022-10-11T11:59:00.916Z", "user": 1, "content_type": 14, "object_id": "18", "object_repr": "JAYSHREE3", "action_flag": 3, "change_message": ""}}, {"model": "admin.logentry", "pk": 128, "fields": {"action_time": "2022-10-11T11:59:09.127Z", "user": 1, "content_type": 14, "object_id": "17", "object_repr": "JAYSHREE3", "action_flag": 3, "change_message": ""}}, {"model": "admin.logentry", "pk": 129, "fields": {"action_time": "2022-10-11T11:59:09.138Z", "user": 1, "content_type": 14, "object_id": "16", "object_repr": "JAYSHREE3", "action_flag": 3, "change_message": ""}}, {"model": "admin.logentry", "pk": 130, "fields": {"action_time": "2022-10-11T11:59:09.145Z", "user": 1, "content_type": 14, "object_id": "15", "object_repr": "JAYSHREE3", "action_flag": 3, "change_message": ""}}, {"model": "admin.logentry", "pk": 131, "fields": {"action_time": "2022-10-11T11:59:09.152Z", "user": 1, "content_type": 14, "object_id": "14", "object_repr": "JAYSHREE3", "action_flag": 3, "change_message": ""}}, {"model": "admin.logentry", "pk": 132, "fields": {"action_time": "2022-10-11T11:59:09.160Z", "user": 1, "content_type": 14, "object_id": "13", "object_repr": "JAYSHREE3", "action_flag": 3, "change_message": ""}}, {"model": "admin.logentry", "pk": 133, "fields": {"action_time": "2022-10-11T11:59:09.167Z", "user": 1, "content_type": 14, "object_id": "12", "object_repr": "JAYSHREE3", "action_flag": 3, "change_message": ""}}, {"model": "admin.logentry", "pk": 134, "fields": {"action_time": "2022-10-11T11:59:09.175Z", "user": 1, "content_type": 14, "object_id": "11", "object_repr": "JAYSHREE3", "action_flag": 3, "change_message": ""}}, {"model": "admin.logentry", "pk": 135, "fields": {"action_time": "2022-10-11T11:59:09.183Z", "user": 1, "content_type": 14, "object_id": "10", "object_repr": "JAYSHREE3", "action_flag": 3, "change_message": ""}}, {"model": "admin.logentry", "pk": 136, "fields": {"action_time": "2022-10-11T11:59:09.191Z", "user": 1, "content_type": 14, "object_id": "9", "object_repr": "JAYSHREE3", "action_flag": 3, "change_message": ""}}, {"model": "admin.logentry", "pk": 137, "fields": {"action_time": "2022-10-11T11:59:09.198Z", "user": 1, "content_type": 14, "object_id": "8", "object_repr": "JAYSHREE2", "action_flag": 3, "change_message": ""}}, {"model": "admin.logentry", "pk": 138, "fields": {"action_time": "2022-10-11T11:59:09.206Z", "user": 1, "content_type": 14, "object_id": "7", "object_repr": "JAYSHREE2", "action_flag": 3, "change_message": ""}}, {"model": "admin.logentry", "pk": 139, "fields": {"action_time": "2022-10-11T11:59:09.213Z", "user": 1, "content_type": 14, "object_id": "6", "object_repr": "JAYSHREE2", "action_flag": 3, "change_message": ""}}, {"model": "admin.logentry", "pk": 140, "fields": {"action_time": "2022-10-11T11:59:09.221Z", "user": 1, "content_type": 14, "object_id": "5", "object_repr": "JAYSHREE2", "action_flag": 3, "change_message": ""}}, {"model": "admin.logentry", "pk": 141, "fields": {"action_time": "2022-10-11T11:59:09.227Z", "user": 1, "content_type": 14, "object_id": "4", "object_repr": "JAYSHREE2", "action_flag": 3, "change_message": ""}}, {"model": "admin.logentry", "pk": 142, "fields": {"action_time": "2022-10-11T11:59:09.234Z", "user": 1, "content_type": 14, "object_id": "3", "object_repr": "JAYSHREE2", "action_flag": 3, "change_message": ""}}, {"model": "admin.logentry", "pk": 143, "fields": {"action_time": "2022-10-11T11:59:09.247Z", "user": 1, "content_type": 14, "object_id": "2", "object_repr": "JAYSHREE2", "action_flag": 3, "change_message": ""}}, {"model": "admin.logentry", "pk": 144, "fields": {"action_time": "2022-10-11T11:59:09.253Z", "user": 1, "content_type": 14, "object_id": "1", "object_repr": "JAYSHREE", "action_flag": 3, "change_message": ""}}, {"model": "admin.logentry", "pk": 145, "fields": {"action_time": "2022-10-11T13:22:06.058Z", "user": 1, "content_type": 2, "object_id": "22", "object_repr": "Jaya@gmail.com", "action_flag": 2, "change_message": "[{\"changed\": {\"fields\": [\"Is active\"]}}]"}}, {"model": "admin.logentry", "pk": 146, "fields": {"action_time": "2022-10-11T15:25:04.238Z", "user": 1, "content_type": 8, "object_id": "1", "object_repr": "Leather Jacket", "action_flag": 2, "change_message": "[{\"added\": {\"name\": \"productgallery\", \"object\": \"Leather Jacket\"}}]"}}, {"model": "auth.permission", "pk": 1, "fields": {"name": "Can add category", "content_type": 1, "codename": "add_category"}}, {"model": "auth.permission", "pk": 2, "fields": {"name": "Can change category", "content_type": 1, "codename": "change_category"}}, {"model": "auth.permission", "pk": 3, "fields": {"name": "Can delete category", "content_type": 1, "codename": "delete_category"}}, {"model": "auth.permission", "pk": 4, "fields": {"name": "Can view category", "content_type": 1, "codename": "view_category"}}, {"model": "auth.permission", "pk": 5, "fields": {"name": "Can add account", "content_type": 2, "codename": "add_account"}}, {"model": "auth.permission", "pk": 6, "fields": {"name": "Can change account", "content_type": 2, "codename": "change_account"}}, {"model": "auth.permission", "pk": 7, "fields": {"name": "Can delete account", "content_type": 2, "codename": "delete_account"}}, {"model": "auth.permission", "pk": 8, "fields": {"name": "Can view account", "content_type": 2, "codename": "view_account"}}, {"model": "auth.permission", "pk": 9, "fields": {"name": "Can add log entry", "content_type": 3, "codename": "add_logentry"}}, {"model": "auth.permission", "pk": 10, "fields": {"name": "Can change log entry", "content_type": 3, "codename": "change_logentry"}}, {"model": "auth.permission", "pk": 11, "fields": {"name": "Can delete log entry", "content_type": 3, "codename": "delete_logentry"}}, {"model": "auth.permission", "pk": 12, "fields": {"name": "Can view log entry", "content_type": 3, "codename": "view_logentry"}}, {"model": "auth.permission", "pk": 13, "fields": {"name": "Can add permission", "content_type": 4, "codename": "add_permission"}}, {"model": "auth.permission", "pk": 14, "fields": {"name": "Can change permission", "content_type": 4, "codename": "change_permission"}}, {"model": "auth.permission", "pk": 15, "fields": {"name": "Can delete permission", "content_type": 4, "codename": "delete_permission"}}, {"model": "auth.permission", "pk": 16, "fields": {"name": "Can view permission", "content_type": 4, "codename": "view_permission"}}, {"model": "auth.permission", "pk": 17, "fields": {"name": "Can add group", "content_type": 5, "codename": "add_group"}}, {"model": "auth.permission", "pk": 18, "fields": {"name": "Can change group", "content_type": 5, "codename": "change_group"}}, {"model": "auth.permission", "pk": 19, "fields": {"name": "Can delete group", "content_type": 5, "codename": "delete_group"}}, {"model": "auth.permission", "pk": 20, "fields": {"name": "Can view group", "content_type": 5, "codename": "view_group"}}, {"model": "auth.permission", "pk": 21, "fields": {"name": "Can add content type", "content_type": 6, "codename": "add_contenttype"}}, {"model": "auth.permission", "pk": 22, "fields": {"name": "Can change content type", "content_type": 6, "codename": "change_contenttype"}}, {"model": "auth.permission", "pk": 23, "fields": {"name": "Can delete content type", "content_type": 6, "codename": "delete_contenttype"}}, {"model": "auth.permission", "pk": 24, "fields": {"name": "Can view content type", "content_type": 6, "codename": "view_contenttype"}}, {"model": "auth.permission", "pk": 25, "fields": {"name": "Can add session", "content_type": 7, "codename": "add_session"}}, {"model": "auth.permission", "pk": 26, "fields": {"name": "Can change session", "content_type": 7, "codename": "change_session"}}, {"model": "auth.permission", "pk": 27, "fields": {"name": "Can delete session", "content_type": 7, "codename": "delete_session"}}, {"model": "auth.permission", "pk": 28, "fields": {"name": "Can view session", "content_type": 7, "codename": "view_session"}}, {"model": "auth.permission", "pk": 29, "fields": {"name": "Can add product", "content_type": 8, "codename": "add_product"}}, {"model": "auth.permission", "pk": 30, "fields": {"name": "Can change product", "content_type": 8, "codename": "change_product"}}, {"model": "auth.permission", "pk": 31, "fields": {"name": "Can delete product", "content_type": 8, "codename": "delete_product"}}, {"model": "auth.permission", "pk": 32, "fields": {"name": "Can view product", "content_type": 8, "codename": "view_product"}}, {"model": "auth.permission", "pk": 33, "fields": {"name": "Can add cart", "content_type": 9, "codename": "add_cart"}}, {"model": "auth.permission", "pk": 34, "fields": {"name": "Can change cart", "content_type": 9, "codename": "change_cart"}}, {"model": "auth.permission", "pk": 35, "fields": {"name": "Can delete cart", "content_type": 9, "codename": "delete_cart"}}, {"model": "auth.permission", "pk": 36, "fields": {"name": "Can view cart", "content_type": 9, "codename": "view_cart"}}, {"model": "auth.permission", "pk": 37, "fields": {"name": "Can add cart item", "content_type": 10, "codename": "add_cartitem"}}, {"model": "auth.permission", "pk": 38, "fields": {"name": "Can change cart item", "content_type": 10, "codename": "change_cartitem"}}, {"model": "auth.permission", "pk": 39, "fields": {"name": "Can delete cart item", "content_type": 10, "codename": "delete_cartitem"}}, {"model": "auth.permission", "pk": 40, "fields": {"name": "Can view cart item", "content_type": 10, "codename": "view_cartitem"}}, {"model": "auth.permission", "pk": 41, "fields": {"name": "Can add variation", "content_type": 11, "codename": "add_variation"}}, {"model": "auth.permission", "pk": 42, "fields": {"name": "Can change variation", "content_type": 11, "codename": "change_variation"}}, {"model": "auth.permission", "pk": 43, "fields": {"name": "Can delete variation", "content_type": 11, "codename": "delete_variation"}}, {"model": "auth.permission", "pk": 44, "fields": {"name": "Can view variation", "content_type": 11, "codename": "view_variation"}}, {"model": "auth.permission", "pk": 45, "fields": {"name": "Can add order product", "content_type": 12, "codename": "add_orderproduct"}}, {"model": "auth.permission", "pk": 46, "fields": {"name": "Can change order product", "content_type": 12, "codename": "change_orderproduct"}}, {"model": "auth.permission", "pk": 47, "fields": {"name": "Can delete order product", "content_type": 12, "codename": "delete_orderproduct"}}, {"model": "auth.permission", "pk": 48, "fields": {"name": "Can view order product", "content_type": 12, "codename": "view_orderproduct"}}, {"model": "auth.permission", "pk": 49, "fields": {"name": "Can add payment", "content_type": 13, "codename": "add_payment"}}, {"model": "auth.permission", "pk": 50, "fields": {"name": "Can change payment", "content_type": 13, "codename": "change_payment"}}, {"model": "auth.permission", "pk": 51, "fields": {"name": "Can delete payment", "content_type": 13, "codename": "delete_payment"}}, {"model": "auth.permission", "pk": 52, "fields": {"name": "Can view payment", "content_type": 13, "codename": "view_payment"}}, {"model": "auth.permission", "pk": 53, "fields": {"name": "Can add order", "content_type": 14, "codename": "add_order"}}, {"model": "auth.permission", "pk": 54, "fields": {"name": "Can change order", "content_type": 14, "codename": "change_order"}}, {"model": "auth.permission", "pk": 55, "fields": {"name": "Can delete order", "content_type": 14, "codename": "delete_order"}}, {"model": "auth.permission", "pk": 56, "fields": {"name": "Can view order", "content_type": 14, "codename": "view_order"}}, {"model": "auth.permission", "pk": 57, "fields": {"name": "Can add review rating", "content_type": 15, "codename": "add_reviewrating"}}, {"model": "auth.permission", "pk": 58, "fields": {"name": "Can change review rating", "content_type": 15, "codename": "change_reviewrating"}}, {"model": "auth.permission", "pk": 59, "fields": {"name": "Can delete review rating", "content_type": 15, "codename": "delete_reviewrating"}}, {"model": "auth.permission", "pk": 60, "fields": {"name": "Can view review rating", "content_type": 15, "codename": "view_reviewrating"}}, {"model": "auth.permission", "pk": 61, "fields": {"name": "Can add user profile", "content_type": 16, "codename": "add_userprofile"}}, {"model": "auth.permission", "pk": 62, "fields": {"name": "Can change user profile", "content_type": 16, "codename": "change_userprofile"}}, {"model": "auth.permission", "pk": 63, "fields": {"name": "Can delete user profile", "content_type": 16, "codename": "delete_userprofile"}}, {"model": "auth.permission", "pk": 64, "fields": {"name": "Can view user profile", "content_type": 16, "codename": "view_userprofile"}}, {"model": "auth.permission", "pk": 65, "fields": {"name": "Can add product gallery", "content_type": 17, "codename": "add_productgallery"}}, {"model": "auth.permission", "pk": 66, "fields": {"name": "Can change product gallery", "content_type": 17, "codename": "change_productgallery"}}, {"model": "auth.permission", "pk": 67, "fields": {"name": "Can delete product gallery", "content_type": 17, "codename": "delete_productgallery"}}, {"model": "auth.permission", "pk": 68, "fields": {"name": "Can view product gallery", "content_type": 17, "codename": "view_productgallery"}}, {"model": "auth.permission", "pk": 69, "fields": {"name": "Can add login attempt", "content_type": 18, "codename": "add_loginattempt"}}, {"model": "auth.permission", "pk": 70, "fields": {"name": "Can change login attempt", "content_type": 18, "codename": "change_loginattempt"}}, {"model": "auth.permission", "pk": 71, "fields": {"name": "Can delete login attempt", "content_type": 18, "codename": "delete_loginattempt"}}, {"model": "auth.permission", "pk": 72, "fields": {"name": "Can view login attempt", "content_type": 18, "codename": "view_loginattempt"}}, {"model": "contenttypes.contenttype", "pk": 1, "fields": {"app_label": "category", "model": "category"}}, {"model": "contenttypes.contenttype", "pk": 2, "fields": {"app_label": "accounts", "model": "account"}}, {"model": "contenttypes.contenttype", "pk": 3, "fields": {"app_label": "admin", "model": "logentry"}}, {"model": "contenttypes.contenttype", "pk": 4, "fields": {"app_label": "auth", "model": "permission"}}, {"model": "contenttypes.contenttype", "pk": 5, "fields": {"app_label": "auth", "model": "group"}}, {"model": "contenttypes.contenttype", "pk": 6, "fields": {"app_label": "contenttypes", "model": "contenttype"}}, {"model": "contenttypes.contenttype", "pk": 7, "fields": {"app_label": "sessions", "model": "session"}}, {"model": "contenttypes.contenttype", "pk": 8, "fields": {"app_label": "store", "model": "product"}}, {"model": "contenttypes.contenttype", "pk": 9, "fields": {"app_label": "carts", "model": "cart"}}, {"model": "contenttypes.contenttype", "pk": 10, "fields": {"app_label": "carts", "model": "cartitem"}}, {"model": "contenttypes.contenttype", "pk": 11, "fields": {"app_label": "store", "model": "variation"}}, {"model": "contenttypes.contenttype", "pk": 12, "fields": {"app_label": "orders", "model": "orderproduct"}}, {"model": "contenttypes.contenttype", "pk": 13, "fields": {"app_label": "orders", "model": "payment"}}, {"model": "contenttypes.contenttype", "pk": 14, "fields": {"app_label": "orders", "model": "order"}}, {"model": "contenttypes.contenttype", "pk": 15, "fields": {"app_label": "store", "model": "reviewrating"}}, {"model": "contenttypes.contenttype", "pk": 16, "fields": {"app_label": "accounts", "model": "userprofile"}}, {"model": "contenttypes.contenttype", "pk": 17, "fields": {"app_label": "store", "model": "productgallery"}}, {"model": "contenttypes.contenttype", "pk": 18, "fields": {"app_label": "admin_honeypot", "model": "loginattempt"}}, {"model": "sessions.session", "pk": "1h6kn4g4j43j43c68if973khbr944rzc", "fields": {"session_data": ".eJxVjMsOwiAQRf-FtSHAUB4u3fsNZGBAqgaS0q6M_65NutDtPefcFwu4rTVsIy9hJnZmkp1-t4jpkdsO6I7t1nnqbV3myHeFH3Twa6f8vBzu30HFUb81gCCtQHmfFFBBjTKSc0KAQectxGKzdDgZm9FZo6eoISuwZABlSZq9P8W2N0I:1odn0p:LPdOk-b29XdBRGpiP1jesHyl5KmXnfutAdHK8QoJAek", "expire_date": "2022-10-13T06:27:11.491Z"}}, {"model": "sessions.session", "pk": "5fx7v5xa6jas8jk82a6wf6es68qx10c0", "fields": {"session_data": ".eJxVjMsOwiAQRf-FtSEdhsLg0r3fQHgMUjU0Ke3K-O_apAvd3nPOfQkftrX6rfPipyzOAsTpd4shPbjtIN9Du80yzW1dpih3RR60y-uc-Xk53L-DGnr91k7pTCkZ4mgJB0cExQBkdhGN0TCkSGwUYDAjUyEIiMVajSM4Uoji_QHG5Tac:1ohaSQ:S_YGlAJ5kx5MtTMtkUk7c6CZC0Q7QGmHqHsSWYWFscM", "expire_date": "2022-10-23T17:51:22.912Z"}}, {"model": "sessions.session", "pk": "8i528eu6g7soe0sejas43tik4ggqnh1a", "fields": {"session_data": "e30:1odU84:jmzk3XdjQtBgtlpNvluCTRwQXwjAfiFjgRn0UA800HQ", "expire_date": "2022-10-12T10:17:24.252Z"}}, {"model": "sessions.session", "pk": "a8z0kk76umiis8fwyc7tq7m9mko29tr9", "fields": {"session_data": ".eJxVjMsOwiAQRf-FtSEdhsLg0r3fQHgMUjU0Ke3K-O_apAvd3nPOfQkftrX6rfPipyzOAsTpd4shPbjtIN9Du80yzW1dpih3RR60y-uc-Xk53L-DGnr91k7pTCkZ4mgJB0cExQBkdhGN0TCkSGwUYDAjUyEIiMVajSM4Uoji_QHG5Tac:1ohPkG:PWhbw50HIMa-soMv1yXo9R-uk1vDXkLf6wgdPafPFvA", "expire_date": "2022-10-23T06:25:04.828Z"}}, {"model": "sessions.session", "pk": "hs2g7uofyzlj2varccme6opnh3s8q116", "fields": {"session_data": "e30:1oiTTe:nu9CpRtYjSGruJp6dCDiY0iwz3DpidFuGfndLhPdrD0", "expire_date": "2022-10-26T04:36:18.400Z"}}, {"model": "sessions.session", "pk": "o2dij315npzptbxa1fpke660cvjuw8mg", "fields": {"session_data": ".eJxVjMsOwiAQRf-FtSHAUB4u3fsNZGBAqgaS0q6M_65NutDtPefcFwu4rTVsIy9hJnZmkp1-t4jpkdsO6I7t1nnqbV3myHeFH3Twa6f8vBzu30HFUb81gCCtQHmfFFBBjTKSc0KAQectxGKzdDgZm9FZo6eoISuwZABlSZq9P8W2N0I:1odjlb:jXmD2NUC8y5Djb_cFMue5niXUqI9FtTLWqgo6lZgbX8", "expire_date": "2022-10-13T02:59:15.504Z"}}, {"model": "sessions.session", "pk": "uudcn592pagy64eviigme7l9voyzd06i", "fields": {"session_data": ".eJxVjEEOwiAQRe_C2pCCMLRduvcMZGagFrVgCl0Z764m3XT733v_LXyNtaaSfcqp-ZaWWBsuLy9GBWAtmEH1clAW-rM7CY9bm_1W4-pTEKPQWhxGQn7E_CfhjvlWJJfc1kTyr8idVnktIT4vu3s4mLHOvxoVdpqAWEegTjsI1JuAE8VoiBSTY3AmWADFFsloIJoGR8yEyrlefL51N0fV:1oiXWJ:_asnf0LkmK6XvIQVEbRZ03XFNrUxH1jU37iX8gvcg1k", "expire_date": "2022-10-26T08:55:19.001Z"}}, {"model": "sessions.session", "pk": "wk9dhcxbp80s03i0t40itsouygeoc9ay", "fields": {"session_data": ".eJxVjMsOwiAQRf-FtSHDYwBduu83EBhAqgaS0q6M_65NutDtPefcF_NhW6vfRl78nNiFCcdOv2MM9MhtJ-ke2q1z6m1d5sh3hR908Kmn_Lwe7t9BDaN-aw2uJHAGCKPNMiISpHhOxVhEDVJZ0kEVkDqTQyhRWo1kpABwgopi7w_7jTdn:1ohSSi:CiMaHCy6s4dp2AKb8z72WlxnKck7GVBD7IXY4ywGW3A", "expire_date": "2022-10-23T09:19:08.816Z"}}]